﻿<?xml version="1.0" encoding="utf-8"?>
<publishData>
  <publishProfile publishUrl="http://localhost" deleteExistingFiles="False" ftpAnonymousLogin="False" ftpPassiveMode="True" msdeploySite="sandBox" msdeploySiteID="" msdeployRemoteSitePhysicalPath="" msdeployAllowUntrustedCertificate="False" msdeploySkipExtraFilesOnServer="True" msdeployMarkAsApp="False" profileName="localhost" publishMethod="MSDeploy" replaceMatchingFiles="True" userName="" savePWD="False" userPWD="" SelectedForPublish="False" />
  <publishProfile publishUrl="C:\Users\dru\Documents\Visual Studio 2010\Projects\sandBoxDE\SandBox.WebUi\Publish" deleteExistingFiles="True" ftpAnonymousLogin="False" ftpPassiveMode="True" msdeploySite="" msdeploySiteID="" msdeployRemoteSitePhysicalPath="" msdeployAllowUntrustedCertificate="False" msdeploySkipExtraFilesOnServer="True" msdeployMarkAsApp="False" profileName="local" publishMethod="FileSystem" replaceMatchingFiles="False" userName="" savePWD="False" userPWD="" SelectedForPublish="True">
    <file relUrl="Pages/Information/LoadMalware.aspx" publishTime="10/31/2012 14:48:40" />
    <file relUrl="App_Data/SideMenu/Malware/MalwareMenu.xml" publishTime="10/25/2012 12:23:38" />
    <file relUrl="bin/app.config" publishTime="11/10/2012 10:22:19" />
    <file relUrl="Pages/Index.aspx" publishTime="11/17/2012 11:33:32" />
    <file relUrl="Pages/Information/CreateEtalonMachine.aspx" publishTime="10/31/2012 22:49:48" />
    <file relUrl="Account/Web.config" publishTime="11/17/2012 16:51:26" />
    <file relUrl="Base/BaseLightPage.aspx" publishTime="10/26/2012 14:56:10" />
    <file relUrl="Pages/Information/Resources.aspx" publishTime="11/17/2012 16:46:14" />
    <file relUrl="bin/SandBox.Connection.pdb" publishTime="11/17/2012 13:16:36" />
    <file relUrl="Content/Images/Icons/run.png" publishTime="08/22/2007 23:53:36" />
    <file relUrl="App_Data/MainMenu/EmptyMenu.xml" publishTime="09/04/2012 13:43:24" />
    <file relUrl="Web.config" publishTime="11/17/2012 16:51:26" />
    <file relUrl="App_Data/MainMenu/UserMenu.xml" publishTime="10/30/2012 13:39:38" />
    <file relUrl="bin/SandBox.Connection.dll" publishTime="11/17/2012 13:16:37" />
    <file relUrl="Pages/Information/Test.aspx" publishTime="11/11/2012 00:30:16" />
    <file relUrl="App_Data/SideMenu/Information/InformationMenu.xml" publishTime="11/11/2012 00:44:52" />
    <file relUrl="bin/SandBoxWebUi.pdb" publishTime="11/17/2012 16:39:05" />
    <file relUrl="App_Data/SideMenu/Settings/SettingsMenu.xml" publishTime="10/26/2012 09:23:10" />
    <file relUrl="Global.asax" publishTime="09/21/2012 15:56:42" />
    <file relUrl="Content/Images/UserIcon.png" publishTime="08/30/2012 19:53:47" />
    <file relUrl="Pages/Research/NewResearch.aspx" publishTime="11/07/2012 17:51:28" />
    <file relUrl="Content/Images/Icons/delete.png" publishTime="08/22/2007 23:41:44" />
    <file relUrl="Content/Images/lg_bkg.png" publishTime="11/17/2012 10:42:21" />
    <file relUrl="Base/BaseEmptyPage.aspx" publishTime="10/28/2012 15:59:36" />
    <file relUrl="Content/Images/GlassHeader.jpg" publishTime="09/03/2012 13:56:34" />
    <file relUrl="Pages/Error/DbError.aspx" publishTime="10/29/2012 17:42:52" />
    <file relUrl="Account/Register.aspx" publishTime="10/07/2012 19:53:00" />
    <file relUrl="bin/SandBox.Engine.pdb" publishTime="11/17/2012 15:56:24" />
    <file relUrl="Account/RegisterSuccess.aspx" publishTime="09/24/2012 09:19:54" />
    <file relUrl="Pages/Information/Index.aspx" publishTime="10/28/2012 17:02:16" />
    <file relUrl="Pages/Research/RegistryList.aspx" publishTime="11/16/2012 12:14:51" />
    <file relUrl="bin/NLog.config" publishTime="09/27/2012 16:32:00" />
    <file relUrl="Main.master" publishTime="11/17/2012 15:35:35" />
    <file relUrl="Root.master" publishTime="11/17/2012 16:40:29" />
    <file relUrl="Content/Error.css" publishTime="10/29/2012 17:24:28" />
    <file relUrl="bin/SandBox.Data.dll" publishTime="11/17/2012 13:16:35" />
    <file relUrl="NLog.config" publishTime="09/27/2012 16:32:00" />
    <file relUrl="Content/Images/Icons/add_lir.png" publishTime="11/17/2012 14:51:13" />
    <file relUrl="Pages/Settings/Index.aspx" publishTime="10/28/2012 16:30:36" />
    <file relUrl="bin/NLog.dll" publishTime="07/17/2011 23:26:56" />
    <file relUrl="Content/Images/login-box-backg.png" publishTime="09/28/2012 14:13:38" />
    <file relUrl="Light.master" publishTime="10/26/2012 15:38:28" />
    <file relUrl="Content/Images/Icons/edit.png" publishTime="08/21/2007 19:23:28" />
    <file relUrl="Pages/Research/Index.aspx" publishTime="10/30/2012 13:42:32" />
    <file relUrl="Pages/Research/Current.aspx" publishTime="11/16/2012 20:51:28" />
    <file relUrl="Content/Images/Icons/user.png" publishTime="08/30/2012 19:53:47" />
    <file relUrl="App_Data/MainMenu/FileManagerMenu.xml" publishTime="10/31/2012 15:18:42" />
    <file relUrl="Content/Images/Icons/add_vlir.png" publishTime="11/17/2012 14:51:39" />
    <file relUrl="Pages/Research/FileList.aspx" publishTime="11/16/2012 12:04:12" />
    <file relUrl="bin/SandBoxWebUi.dll" publishTime="11/17/2012 16:39:05" />
    <file relUrl="Pages/Information/CreateMachine.aspx" publishTime="10/30/2012 15:55:38" />
    <file relUrl="Content/PageView.css" publishTime="11/17/2012 16:51:08" />
    <file relUrl="Content/Images/RedWineHeader.jpg" publishTime="09/03/2012 13:56:34" />
    <file relUrl="Content/Images/BlackGlassHeader.jpg" publishTime="09/03/2012 13:56:34" />
    <file relUrl="Content/Images/Bkg.png" publishTime="08/30/2012 19:53:45" />
    <file relUrl="bin/SandBox.Db.dll" publishTime="11/17/2012 15:56:20" />
    <file relUrl="bin/NLog.xml" publishTime="07/17/2011 23:26:56" />
    <file relUrl="Base/BaseMainPage.aspx" publishTime="10/26/2012 14:54:52" />
    <file relUrl="bin/SandBox.Db.pdb" publishTime="11/17/2012 15:56:20" />
    <file relUrl="Content/Images/AquaHeader.jpg" publishTime="09/03/2012 13:56:34" />
    <file relUrl="Pages/Research/ReportList.aspx" publishTime="11/16/2012 16:32:47" />
    <file relUrl="Content/Images/login-btn.png" publishTime="05/06/2010 01:32:56" />
    <file relUrl="Pages/Error/CommunicationError.aspx" publishTime="10/29/2012 17:42:58" />
    <file relUrl="Account/ChangePassword.aspx" publishTime="09/24/2012 09:14:04" />
    <file relUrl="Pages/Settings/Users.aspx" publishTime="11/01/2012 14:46:26" />
    <file relUrl="Content/Site.css" publishTime="09/28/2012 10:50:34" />
    <file relUrl="App_Data/MainMenu/AdminMenu.xml" publishTime="11/10/2012 19:46:30" />
    <file relUrl="bin/SandBox.Log.dll" publishTime="11/17/2012 13:16:36" />
    <file relUrl="bin/SandBox.Engine.dll" publishTime="11/17/2012 15:56:24" />
    <file relUrl="Pages/Research/ProcessList.aspx" publishTime="11/16/2012 12:03:50" />
    <file relUrl="Content/Images/Icons/stop.png" publishTime="08/22/2007 23:57:00" />
    <file relUrl="Empty.Master" publishTime="10/29/2012 16:44:08" />
    <file relUrl="Pages/Research/Reports.aspx" publishTime="11/16/2012 11:53:16" />
    <file relUrl="Account/Login.aspx" publishTime="10/29/2012 16:44:42" />
    <file relUrl="Account/ChangePasswordSuccess.aspx" publishTime="09/24/2012 09:14:46" />
    <file relUrl="bin/SandBox.Log.pdb" publishTime="11/17/2012 13:16:36" />
    <file relUrl="Pages/Information/MalwareInfo.aspx" publishTime="11/01/2012 13:47:28" />
    <file relUrl="App_Data/SideMenu/Research/ResearchMenu.xml" publishTime="11/06/2012 13:56:14" />
    <file relUrl="Content/Images/PlasticBlueHeader.jpg" publishTime="09/03/2012 13:56:34" />
    <file relUrl="Content/Login.css" publishTime="10/27/2012 11:54:52" />
    <file relUrl="Default.aspx" publishTime="10/28/2012 16:05:02" />
    <file relUrl="Account/AddUser.aspx" publishTime="11/01/2012 14:49:58" />
    <file relUrl="bin/SandBox.Data.pdb" publishTime="11/17/2012 13:16:35" />
    <file relUrl="Content/login-box.css" publishTime="09/28/2012 15:53:40" />
  </publishProfile>
</publishData>